{"cameraMode":{"drawMode":0,"name":"Shaded","section":"Shading Mode"},"sceneLighting":true,"audioPlay":false,"sceneViewState":{"m_AlwaysRefresh":true,"showFog":true,"showSkybox":true,"showFlares":true,"showImageEffects":true,"showParticleSystems":true,"showVisualEffectGraphs":true,"m_FxEnabled":true},"in2DMode":false,"pivot":{"x":0.013114213943481446,"y":0.40977078676223757,"z":-21.66037940979004},"rotation":{"x":-0.03630068898200989,"y":0.009590325877070427,"z":-0.00035030601429753006,"w":-0.9993019104003906},"size":1.5949363708496094,"orthographic":false}