{"cameraMode":{"drawMode":0,"name":"Shaded","section":"Shading Mode"},"sceneLighting":true,"audioPlay":false,"sceneViewState":{"m_AlwaysRefresh":true,"showFog":true,"showSkybox":true,"showFlares":true,"showImageEffects":true,"showParticleSystems":true,"showVisualEffectGraphs":true,"m_FxEnabled":true},"in2DMode":false,"pivot":{"x":-12.072344779968262,"y":-9.509883880615235,"z":16.828542709350587},"rotation":{"x":-0.22165828943252564,"y":0.2699265480041504,"z":-0.06400458514690399,"w":-0.9348377585411072},"size":16.783920288085939,"orthographic":false}