{"cameraMode":{"drawMode":0,"name":"Shaded","section":"Shading Mode"},"sceneLighting":true,"audioPlay":false,"sceneViewState":{"m_AlwaysRefresh":true,"showFog":true,"showSkybox":true,"showFlares":true,"showImageEffects":true,"showParticleSystems":true,"showVisualEffectGraphs":true,"m_FxEnabled":true},"in2DMode":false,"pivot":{"x":9.38236141204834,"y":1.731027603149414,"z":13.45279598236084},"rotation":{"x":-0.008689794689416886,"y":0.008995373733341694,"z":0.00007347248902078718,"w":0.9999472498893738},"size":10.251447677612305,"orthographic":false}