{"cameraMode":{"drawMode":0,"name":"Shaded","section":"Shading Mode"},"sceneLighting":true,"audioPlay":false,"sceneViewState":{"m_AlwaysRefresh":true,"showFog":true,"showSkybox":true,"showFlares":true,"showImageEffects":true,"showParticleSystems":true,"showVisualEffectGraphs":true,"m_FxEnabled":true},"in2DMode":false,"pivot":{"x":0.6662319302558899,"y":-0.5761113166809082,"z":-22.897151947021486},"rotation":{"x":0.0038521282840520145,"y":-0.9732435345649719,"z":0.22922371327877046,"w":0.01634322479367256},"size":3.3687524795532228,"orthographic":false}