{"cameraMode":{"drawMode":0,"name":"Shaded","section":"Shading Mode"},"sceneLighting":false,"audioPlay":false,"sceneViewState":{"m_AlwaysRefresh":true,"showFog":true,"showSkybox":false,"showFlares":true,"showImageEffects":true,"showParticleSystems":true,"showVisualEffectGraphs":true,"m_FxEnabled":true},"in2DMode":false,"pivot":{"x":0.5550000071525574,"y":1.0729999542236329,"z":-19.899429321289064},"rotation":{"x":0.03416335955262184,"y":-0.761342465877533,"z":0.040239859372377399,"w":0.6462199091911316},"size":1.1277904510498047,"orthographic":false}